,start_x,start_y,end_x,end_y
count,579306.0,579306.0,579306.0,579306.0
mean,52.792476810646995,34.38334596034134,52.799981074115294,34.38885948286854
std,25.061882437705222,20.303003952606137,25.28407105179215,20.241973080975487
min,0.0,0.0,0.0,0.0
25%,34.54458,16.78053,34.44380625000001,16.802256
50%,52.748535,34.437988000000004,52.7912175,34.40783
75%,71.05644,52.176536,71.173095,52.168597000000005
max,105.0,68.0,105.0,68.0
